{"cameraMode":{"drawMode":0,"name":"Shaded","section":"Shading Mode"},"sceneLighting":true,"audioPlay":false,"sceneViewState":{"showFog":true,"showMaterialUpdate":false,"showSkybox":true,"showFlares":true,"showImageEffects":true,"showParticleSystems":true},"in2DMode":false,"pivot":{"x":-228.6361541748047,"y":-127.37303161621094,"z":157.55679321289063},"rotation":{"x":-0.19237056374549867,"y":0.46431052684783938,"z":-0.10407271236181259,"w":-0.8582413792610169},"size":359.1163024902344,"orthographic":false}