{"cameraMode":{"drawMode":0,"name":"Shaded","section":"Shading Mode"},"sceneLighting":true,"audioPlay":false,"sceneViewState":{"showFog":true,"showMaterialUpdate":false,"showSkybox":true,"showFlares":true,"showImageEffects":true,"showParticleSystems":true},"in2DMode":false,"pivot":{"x":-1.5202202796936036,"y":1.4309207201004029,"z":3.757412910461426},"rotation":{"x":0.06414350122213364,"y":0.47245290875434878,"z":-0.034502334892749789,"w":0.8783413171768189},"size":16.227266311645509,"orthographic":true}